Release_Month,Genre_cluster,Inflated_revenue,propensity_score,propensity_score_z
5.0,Short Film/Adventure,18444642.857142854,312588667.0469886,0.9406047071171281
7.0,Short Film/Adventure,1219531155.7698417,298757211.4903924,0.9030777741069885
5.0,Psychological thriller/Mystery,3213.4256775002827,170068970.2824893,0.553926161882158
7.0,Psychological thriller/Mystery,5205703.709678824,156237514.72589308,0.5163992288720185
5.0,Short Film/Adventure,630181.7919365722,312588667.0469886,0.9406047071171281
7.0,Short Film/Adventure,43818675.41680783,298757211.4903924,0.9030777741069885
5.0,Psychological thriller/Mystery,1100707755.9246278,170068970.2824893,0.553926161882158
7.0,Psychological thriller/Mystery,31446910.870552145,156237514.72589308,0.5163992288720185
5.0,Drama/Action,315464475.3899944,263206968.35396725,0.8066243251394595
7.0,Drama/Action,10369423.84080159,249375512.79737106,0.7690973921293199
7.0,Psychological thriller/Mystery,59531061.272538856,156237514.72589308,0.5163992288720185
5.0,Psychological thriller/Mystery,9899520.845606325,170068970.2824893,0.553926161882158
5.0,Indie/Black-and-white,601936.6461619905,134409400.49202046,0.45717609235971096
12.0,Indie/Black-and-white,85112019.24948978,154696610.02877593,0.5122185099948828
5.0,Indie/Black-and-white,15755.11863799283,134409400.49202046,0.45717609235971096
7.0,Indie/Black-and-white,739368.9398014572,120577944.93542427,0.4196491593495715
5.0,Parody/Black-and-white,5050122.411725549,135438526.3229031,0.4599682739892228
7.0,Parody/Black-and-white,8064272.522571402,121607070.7663069,0.4224413409790833
5.0,Drama/Action,427233576.6423357,263206968.35396725,0.8066243251394595
7.0,Drama/Action,19849440.19402372,249375512.79737106,0.7690973921293199
5.0,Indie/Black-and-white,737999.5652173914,134409400.49202046,0.45717609235971096
7.0,Indie/Black-and-white,608081.5696197306,120577944.93542427,0.4196491593495715
5.0,Parody/Black-and-white,22963650.972101636,135438526.3229031,0.4599682739892228
7.0,Parody/Black-and-white,46674525.66775016,121607070.7663069,0.4224413409790833
5.0,Action/Crime Thriller,184987290.57059476,170285279.1812127,0.5545130422374955
7.0,Action/Crime Thriller,10422675.342056073,156453823.6246165,0.5169861092273561
5.0,Indie/Black-and-white,357127239.39277923,134409400.49202046,0.45717609235971096
7.0,Indie/Black-and-white,19729550.56179775,120577944.93542427,0.4196491593495715
5.0,Parody/Black-and-white,227560188.96440518,135438526.3229031,0.4599682739892228
7.0,Parody/Black-and-white,54761767.74047163,121607070.7663069,0.4224413409790833
5.0,Romantic drama/Drama,24140186.947554193,158440217.63896576,0.5223755112901546
7.0,Romantic drama/Drama,20287108.352832984,144608762.08236957,0.48484857828001515
5.0,Period piece/World cinema,270063.7071995764,171698154.39062378,0.558346396805155
7.0,Period piece/World cinema,55727559.52823529,157866698.8340276,0.5208194637950155
5.0,Period piece/World cinema,296147416.8677018,171698154.39062378,0.558346396805155
7.0,Period piece/World cinema,1635229.0155839892,157866698.8340276,0.5208194637950155
5.0,Action/Crime Thriller,222538.14411214952,170285279.1812127,0.5545130422374955
7.0,Action/Crime Thriller,33882158.97448979,156453823.6246165,0.5169861092273561
5.0,Psychological thriller/Mystery,23728783.783783782,170068970.2824893,0.553926161882158
7.0,Psychological thriller/Mystery,794918.2126265343,156237514.72589308,0.5163992288720185
5.0,Indie/Black-and-white,80695312.5,134409400.49202046,0.45717609235971096
7.0,Indie/Black-and-white,865111357.1987423,120577944.93542427,0.4196491593495715
5.0,Science Fiction/Comedy film,2432235.9624007936,131653377.88506746,0.4496985658389225
12.0,Science Fiction/Comedy film,35659642.85714285,151940587.42182297,0.5047409834740945
5.0,Indie/Black-and-white,46803281.25,134409400.49202046,0.45717609235971096
12.0,Indie/Black-and-white,1827496.9221230156,154696610.02877593,0.5122185099948828
5.0,Drama/Action,23299552.074021593,263206968.35396725,0.8066243251394595
7.0,Drama/Action,574654821.6566666,249375512.79737106,0.7690973921293199
5.0,Psychological thriller/Mystery,680493424.6047239,170068970.2824893,0.553926161882158
7.0,Psychological thriller/Mystery,105659442.62745535,156237514.72589308,0.5163992288720185
5.0,Action/Crime Thriller,271545095.8577427,170285279.1812127,0.5545130422374955
7.0,Action/Crime Thriller,237774216.42557043,156453823.6246165,0.5169861092273561
5.0,Drama/Action,70921701.16403225,263206968.35396725,0.8066243251394595
7.0,Drama/Action,44885736.19631901,249375512.79737106,0.7690973921293199
5.0,Psychological thriller/Mystery,111928848.45399274,170068970.2824893,0.553926161882158
7.0,Psychological thriller/Mystery,16565377.358490564,156237514.72589308,0.5163992288720185
5.0,Indie/Black-and-white,770752867.0677718,134409400.49202046,0.45717609235971096
7.0,Indie/Black-and-white,10917699.481865283,120577944.93542427,0.4196491593495715
5.0,Drama/Action,317158376.78138757,263206968.35396725,0.8066243251394595
7.0,Drama/Action,4774285.611815261,249375512.79737106,0.7690973921293199
5.0,Drama/Action,715547711.4763975,263206968.35396725,0.8066243251394595
7.0,Drama/Action,537762969.9421774,249375512.79737106,0.7690973921293199
5.0,Short Film/Adventure,261534746.45046192,312588667.0469886,0.9406047071171281
7.0,Short Film/Adventure,200468674.99999997,298757211.4903924,0.9030777741069885
7.0,Parody/Black-and-white,32866334.06254562,121607070.7663069,0.4224413409790833
5.0,Parody/Black-and-white,55275464.26247519,135438526.3229031,0.4599682739892228
5.0,Comedy film/Comedy,14040572.016273389,192054034.83145228,0.6135751294963488
7.0,Comedy film/Comedy,35309997.5687916,178222579.2748561,0.5760481964862094
5.0,Science Fiction/Comedy film,141000042.47572812,131653377.88506746,0.4496985658389225
7.0,Science Fiction/Comedy film,354982777.6830488,117821922.32847127,0.41217163282878305
5.0,Indie/Black-and-white,140140324.52606878,134409400.49202046,0.45717609235971096
12.0,Indie/Black-and-white,79308826.54196633,154696610.02877593,0.5122185099948828
5.0,Period piece/World cinema,1307382.6780487804,171698154.39062378,0.558346396805155
7.0,Period piece/World cinema,21654057.50769872,157866698.8340276,0.5208194637950155
5.0,Period piece/World cinema,162645917.32567844,171698154.39062378,0.558346396805155
7.0,Period piece/World cinema,424274993.09852064,157866698.8340276,0.5208194637950155
5.0,Drama/Action,37713273.195876285,263206968.35396725,0.8066243251394595
7.0,Drama/Action,54394024.69041133,249375512.79737106,0.7690973921293199
5.0,Romantic drama/Drama,31305384.75875606,158440217.63896576,0.5223755112901546
7.0,Romantic drama/Drama,2708140.159040165,144608762.08236957,0.48484857828001515
5.0,Drama/Action,7075972.626959845,263206968.35396725,0.8066243251394595
7.0,Drama/Action,8252671.292294568,249375512.79737106,0.7690973921293199
5.0,Indie/Black-and-white,2022338.8958580508,134409400.49202046,0.45717609235971096
7.0,Indie/Black-and-white,6591328.828828829,120577944.93542427,0.4196491593495715
5.0,Action/Crime Thriller,280042477.68480974,170285279.1812127,0.5545130422374955
7.0,Action/Crime Thriller,79982218.30095091,156453823.6246165,0.5169861092273561
5.0,Romantic drama/Drama,45669041.60823529,158440217.63896576,0.5223755112901546
7.0,Romantic drama/Drama,55502688.480571724,144608762.08236957,0.48484857828001515
5.0,Romantic drama/Drama,5439899.560564304,158440217.63896576,0.5223755112901546
7.0,Romantic drama/Drama,413657134.06734693,144608762.08236957,0.48484857828001515
5.0,Short Film/Adventure,1425068352.157173,312588667.0469886,0.9406047071171281
7.0,Short Film/Adventure,80621212.12121211,298757211.4903924,0.9030777741069885
5.0,Drama/Action,48109685.01814243,263206968.35396725,0.8066243251394595
7.0,Drama/Action,32069375.515009556,249375512.79737106,0.7690973921293199
5.0,Drama/Action,55183421.05025906,263206968.35396725,0.8066243251394595
7.0,Drama/Action,38197941.76706827,249375512.79737106,0.7690973921293199
5.0,Parody/Black-and-white,375198964.7129443,135438526.3229031,0.4599682739892228
7.0,Parody/Black-and-white,141519803.43834952,121607070.7663069,0.4224413409790833
5.0,Action/Crime Thriller,54662571.83908046,170285279.1812127,0.5545130422374955
7.0,Action/Crime Thriller,292065180.2071437,156453823.6246165,0.5169861092273561
5.0,Psychological thriller/Mystery,65276208.178438656,170068970.2824893,0.553926161882158
7.0,Psychological thriller/Mystery,12882808.50291558,156237514.72589308,0.5163992288720185
5.0,Indie/Black-and-white,312958815.78947365,134409400.49202046,0.45717609235971096
7.0,Indie/Black-and-white,24226407.28476821,120577944.93542427,0.4196491593495715
7.0,History/Indie,533527.2426524524,61543816.91346504,0.2594802054367234
5.0,History/Indie,12164679.346927803,75375272.47006123,0.2970071384468629
5.0,Indie/Black-and-white,23969800.100393396,134409400.49202046,0.45717609235971096
7.0,Indie/Black-and-white,21518750.0,120577944.93542427,0.4196491593495715
5.0,Action/Crime Thriller,22758888.220588233,170285279.1812127,0.5545130422374955
7.0,Action/Crime Thriller,417513412.62551814,156453823.6246165,0.5169861092273561
5.0,Psychological thriller/Mystery,280443.36489743023,170068970.2824893,0.553926161882158
7.0,Psychological thriller/Mystery,119140320.71843916,156237514.72589308,0.5163992288720185
5.0,Science Fiction/Comedy film,12011958.955223879,131653377.88506746,0.4496985658389225
7.0,Science Fiction/Comedy film,217713242.21433723,117821922.32847127,0.41217163282878305
5.0,Short Film/Adventure,1214843.2227300613,312588667.0469886,0.9406047071171281
7.0,Short Film/Adventure,331632964.2645962,298757211.4903924,0.9030777741069885
5.0,Drama/Action,1358120655.8858624,263206968.35396725,0.8066243251394595
7.0,Drama/Action,170762465.20524544,249375512.79737106,0.7690973921293199
5.0,Science Fiction/Comedy film,922304422.2831103,131653377.88506746,0.4496985658389225
7.0,Science Fiction/Comedy film,120732260.7260726,117821922.32847127,0.41217163282878305
5.0,Romantic drama/Drama,133757765.22058822,158440217.63896576,0.5223755112901546
7.0,Romantic drama/Drama,97824394.67025492,144608762.08236957,0.48484857828001515
5.0,Indie/Black-and-white,24261527.638209812,134409400.49202046,0.45717609235971096
12.0,Indie/Black-and-white,116651062.67119357,154696610.02877593,0.5122185099948828
5.0,Drama/Action,270888809.6911765,263206968.35396725,0.8066243251394595
7.0,Drama/Action,1107955254.8355467,249375512.79737106,0.7690973921293199
5.0,Period piece/World cinema,335536252.32984656,171698154.39062378,0.558346396805155
7.0,Period piece/World cinema,120132116.60377356,157866698.8340276,0.5208194637950155
5.0,Romantic drama/Drama,39348571.428571425,158440217.63896576,0.5223755112901546
7.0,Romantic drama/Drama,108553329.31919003,144608762.08236957,0.48484857828001515
5.0,Action/Crime Thriller,76330427.17948717,170285279.1812127,0.5545130422374955
7.0,Action/Crime Thriller,188128889.0490121,156453823.6246165,0.5169861092273561
5.0,Short Film/Adventure,800478710.8627328,312588667.0469886,0.9406047071171281
7.0,Short Film/Adventure,128462636.3696739,298757211.4903924,0.9030777741069885
5.0,Short Film/Adventure,84020955.29756783,312588667.0469886,0.9406047071171281
7.0,Short Film/Adventure,203891925.26723975,298757211.4903924,0.9030777741069885
5.0,Indie/Black-and-white,8288696.742138979,134409400.49202046,0.45717609235971096
7.0,Indie/Black-and-white,4215434.4303260865,120577944.93542427,0.4196491593495715
5.0,Romantic drama/Drama,26032471.21979257,158440217.63896576,0.5223755112901546
7.0,Romantic drama/Drama,307341458.14862484,144608762.08236957,0.48484857828001515
5.0,Parody/Black-and-white,1000245.5583177569,135438526.3229031,0.4599682739892228
7.0,Parody/Black-and-white,487823.3310559006,121607070.7663069,0.4224413409790833
5.0,Drama/Action,5190223.07395073,263206968.35396725,0.8066243251394595
7.0,Drama/Action,1116995257.9366739,249375512.79737106,0.7690973921293199
5.0,Short Film/Adventure,11939914.631398808,312588667.0469886,0.9406047071171281
7.0,Short Film/Adventure,35322399.04786488,298757211.4903924,0.9030777741069885
5.0,Short Film/Adventure,48482003.01204819,312588667.0469886,0.9406047071171281
7.0,Short Film/Adventure,1274659648.466162,298757211.4903924,0.9030777741069885
5.0,Drama/Action,853710184.468738,263206968.35396725,0.8066243251394595
7.0,Drama/Action,43108931.5352697,249375512.79737106,0.7690973921293199
5.0,Short Film/Adventure,547530373.3960596,312588667.0469886,0.9406047071171281
7.0,Short Film/Adventure,43133232.3257861,298757211.4903924,0.9030777741069885
5.0,Psychological thriller/Mystery,10614270.88335973,170068970.2824893,0.553926161882158
7.0,Psychological thriller/Mystery,56742430.61292457,156237514.72589308,0.5163992288720185
5.0,Short Film/Adventure,35988235.728722736,312588667.0469886,0.9406047071171281
7.0,Short Film/Adventure,850653.2446081155,298757211.4903924,0.9030777741069885
5.0,Drama/Action,1969253.219422572,263206968.35396725,0.8066243251394595
7.0,Drama/Action,115283101.15289296,249375512.79737106,0.7690973921293199
5.0,Parody/Black-and-white,33403925.330396477,135438526.3229031,0.4599682739892228
7.0,Parody/Black-and-white,472496376.7828397,121607070.7663069,0.4224413409790833
5.0,Psychological thriller/Mystery,5508038.035386381,170068970.2824893,0.553926161882158
7.0,Psychological thriller/Mystery,11573178.70811084,156237514.72589308,0.5163992288720185
5.0,Drama/Action,843218844.9301747,263206968.35396725,0.8066243251394595
7.0,Drama/Action,106904685.12801555,249375512.79737106,0.7690973921293199
5.0,Science Fiction/Comedy film,46200816.266602926,131653377.88506746,0.4496985658389225
7.0,Science Fiction/Comedy film,92474628.25278811,117821922.32847127,0.41217163282878305
5.0,Drama/Action,36631265.33202099,263206968.35396725,0.8066243251394595
7.0,Drama/Action,512055995.12111676,249375512.79737106,0.7690973921293199
5.0,Parody/Black-and-white,67680695.08513062,135438526.3229031,0.4599682739892228
7.0,Parody/Black-and-white,83011402.68824823,121607070.7663069,0.4224413409790833
5.0,Indie/Black-and-white,95638888.88888887,134409400.49202046,0.45717609235971096
7.0,Indie/Black-and-white,2008927.018437863,120577944.93542427,0.4196491593495715
5.0,Indie/Black-and-white,13889246.353319634,134409400.49202046,0.45717609235971096
12.0,Indie/Black-and-white,427615.0593167702,154696610.02877593,0.5122185099948828
5.0,Psychological thriller/Mystery,304296688.02579767,170068970.2824893,0.553926161882158
7.0,Psychological thriller/Mystery,117423302.46913579,156237514.72589308,0.5163992288720185
5.0,Drama/Action,23477919.776119404,263206968.35396725,0.8066243251394595
7.0,Drama/Action,35357946.09665427,249375512.79737106,0.7690973921293199
5.0,Action/Crime Thriller,84268351.20336297,170285279.1812127,0.5545130422374955
7.0,Action/Crime Thriller,232258296.72877866,156453823.6246165,0.5169861092273561
5.0,Drama/Action,82628337.23404256,263206968.35396725,0.8066243251394595
7.0,Drama/Action,495370238.9346902,249375512.79737106,0.7690973921293199
5.0,History/Indie,366992.91944979184,75375272.47006123,0.2970071384468629
7.0,History/Indie,42636315.684774,61543816.91346504,0.2594802054367234
5.0,Short Film/Adventure,1127697721.1568809,312588667.0469886,0.9406047071171281
7.0,Short Film/Adventure,57757328.869455375,298757211.4903924,0.9030777741069885
5.0,Science Fiction/Comedy film,20155303.030303027,131653377.88506746,0.4496985658389225
12.0,Science Fiction/Comedy film,17315785.46820388,151940587.42182297,0.5047409834740945
5.0,Romantic drama/Drama,77026998.95291159,158440217.63896576,0.5223755112901546
7.0,Romantic drama/Drama,72835661.43497756,144608762.08236957,0.48484857828001515
5.0,Indie/Black-and-white,25593887.307038832,134409400.49202046,0.45717609235971096
7.0,Indie/Black-and-white,139669124.73133802,120577944.93542427,0.4196491593495715
7.0,Action/Crime Thriller,217109078.80588233,156453823.6246165,0.5169861092273561
5.0,Action/Crime Thriller,215314.60565175916,170285279.1812127,0.5545130422374955
5.0,Short Film/Adventure,168887.21801242235,312588667.0469886,0.9406047071171281
7.0,Short Film/Adventure,40682391.385204084,298757211.4903924,0.9030777741069885
5.0,Parody/Black-and-white,124658877.74591078,135438526.3229031,0.4599682739892228
7.0,Parody/Black-and-white,12617003.404601226,121607070.7663069,0.4224413409790833
5.0,Romantic drama/Drama,2034754.2450806,158440217.63896576,0.5223755112901546
7.0,Romantic drama/Drama,31278915.41480836,144608762.08236957,0.48484857828001515
5.0,Action/Crime Thriller,193809161.62601444,170285279.1812127,0.5545130422374955
7.0,Action/Crime Thriller,294446845.71478593,156453823.6246165,0.5169861092273561
5.0,History/Indie,72229615.85359623,75375272.47006123,0.2970071384468629
7.0,History/Indie,13421.093664012911,61543816.91346504,0.2594802054367234
5.0,Psychological thriller/Mystery,26949325.842683528,170068970.2824893,0.553926161882158
7.0,Psychological thriller/Mystery,13648479.456598274,156237514.72589308,0.5163992288720185
5.0,Indie/Black-and-white,6347463.756236634,134409400.49202046,0.45717609235971096
12.0,Indie/Black-and-white,215280389.6963471,154696610.02877593,0.5122185099948828
5.0,Action/Crime Thriller,22346637.298091043,170285279.1812127,0.5545130422374955
7.0,Action/Crime Thriller,169581.26149068322,156453823.6246165,0.5169861092273561
5.0,Indie/Black-and-white,818827461.1398964,134409400.49202046,0.45717609235971096
7.0,Indie/Black-and-white,130510.20558028518,120577944.93542427,0.4196491593495715
5.0,Indie/Black-and-white,1902494.53660667,134409400.49202046,0.45717609235971096
7.0,Indie/Black-and-white,2384645.809627329,120577944.93542427,0.4196491593495715
5.0,Drama/Action,100771193.61936194,263206968.35396725,0.8066243251394595
7.0,Drama/Action,98540471.57476766,249375512.79737106,0.7690973921293199
5.0,Drama/Action,12512344.701475767,263206968.35396725,0.8066243251394595
7.0,Drama/Action,449375384.65377295,249375512.79737106,0.7690973921293199
5.0,History/Indie,36146005.99570267,75375272.47006123,0.2970071384468629
7.0,History/Indie,230850.41022413474,61543816.91346504,0.2594802054367234
5.0,Drama/Action,386014206.25234103,263206968.35396725,0.8066243251394595
7.0,Drama/Action,322917172.30921054,249375512.79737106,0.7690973921293199
5.0,Drama/Action,91459964.40697818,263206968.35396725,0.8066243251394595
7.0,Drama/Action,117722904.49284928,249375512.79737106,0.7690973921293199
5.0,Drama/Action,128633949.32882352,263206968.35396725,0.8066243251394595
7.0,Drama/Action,429090994.2586078,249375512.79737106,0.7690973921293199
5.0,Parody/Black-and-white,201613939.04762268,135438526.3229031,0.4599682739892228
7.0,Parody/Black-and-white,743939818.962921,121607070.7663069,0.4224413409790833
5.0,Drama/Action,8877678.292730346,263206968.35396725,0.8066243251394595
7.0,Drama/Action,23514152.00934015,249375512.79737106,0.7690973921293199
5.0,Indie/Black-and-white,15123037.482501404,134409400.49202046,0.45717609235971096
12.0,Indie/Black-and-white,5462084.883497374,154696610.02877593,0.5122185099948828
5.0,Drama/Action,405972293.00508523,263206968.35396725,0.8066243251394595
7.0,Drama/Action,50100.98024528132,249375512.79737106,0.7690973921293199
5.0,Science Fiction/Comedy film,376862.6176395289,131653377.88506746,0.4496985658389225
7.0,Science Fiction/Comedy film,311470557.5984694,117821922.32847127,0.41217163282878305
5.0,Romantic drama/Drama,144032045.6649466,158440217.63896576,0.5223755112901546
7.0,Romantic drama/Drama,103343289.53512773,144608762.08236957,0.48484857828001515
5.0,Parody/Black-and-white,203523160.4418699,135438526.3229031,0.4599682739892228
7.0,Parody/Black-and-white,116029.4933737591,121607070.7663069,0.4224413409790833
5.0,Psychological thriller/Mystery,76705540.62499999,170068970.2824893,0.553926161882158
7.0,Psychological thriller/Mystery,66083387.09677418,156237514.72589308,0.5163992288720185
5.0,Drama/Action,770616623.8065643,263206968.35396725,0.8066243251394595
7.0,Drama/Action,41807857.14285714,249375512.79737106,0.7690973921293199
5.0,Period piece/World cinema,287406483.9287241,171698154.39062378,0.558346396805155
7.0,Period piece/World cinema,39576120.99644128,157866698.8340276,0.5208194637950155
5.0,Indie/Black-and-white,135066279.25163618,134409400.49202046,0.45717609235971096
7.0,Indie/Black-and-white,28500757.936527256,120577944.93542427,0.4196491593495715
5.0,Period piece/World cinema,8243802.816901408,171698154.39062378,0.558346396805155
7.0,Period piece/World cinema,2311866.3834417327,157866698.8340276,0.5208194637950155
5.0,Period piece/World cinema,29675051.853477683,171698154.39062378,0.558346396805155
7.0,Period piece/World cinema,26943562.947034672,157866698.8340276,0.5208194637950155
5.0,Parody/Black-and-white,62340532.24981645,135438526.3229031,0.4599682739892228
7.0,Parody/Black-and-white,34677335.50021382,121607070.7663069,0.4224413409790833
5.0,Indie/Black-and-white,37076224.66216216,134409400.49202046,0.45717609235971096
7.0,Indie/Black-and-white,1116550.8469387756,120577944.93542427,0.4196491593495715
5.0,Romantic drama/Drama,39817006.80272109,158440217.63896576,0.5223755112901546
7.0,Romantic drama/Drama,14350310.278778678,144608762.08236957,0.48484857828001515
5.0,Short Film/Adventure,552910929.2327427,312588667.0469886,0.9406047071171281
7.0,Short Film/Adventure,236096895.21224487,298757211.4903924,0.9030777741069885
5.0,Comedy film/Comedy,31078213.805970144,192054034.83145228,0.6135751294963488
7.0,Comedy film/Comedy,9143744.810627531,178222579.2748561,0.5760481964862094
5.0,Drama/Action,36996748.91629956,263206968.35396725,0.8066243251394595
7.0,Drama/Action,112171510.66956563,249375512.79737106,0.7690973921293199
5.0,Drama/Action,108671562.458531,263206968.35396725,0.8066243251394595
7.0,Drama/Action,48539191.20747992,249375512.79737106,0.7690973921293199
12.0,Comedy film/Comedy,919163104.5672156,212341244.36820775,0.6686175471315207
5.0,Comedy film/Comedy,35895775.10373443,192054034.83145228,0.6135751294963488
5.0,Drama/Action,777762829.0574042,263206968.35396725,0.8066243251394595
7.0,Drama/Action,521902283.06861347,249375512.79737106,0.7690973921293199
5.0,Indie/Black-and-white,38723558.40315951,134409400.49202046,0.45717609235971096
7.0,Indie/Black-and-white,6744487.9873831635,120577944.93542427,0.4196491593495715
5.0,Parody/Black-and-white,14937258.553377945,135438526.3229031,0.4599682739892228
7.0,Parody/Black-and-white,296396789.5151092,121607070.7663069,0.4224413409790833
5.0,Short Film/Adventure,1465042376.9458423,312588667.0469886,0.9406047071171281
7.0,Short Film/Adventure,88539665.94300176,298757211.4903924,0.9030777741069885
5.0,Drama/Action,481230905.1582554,263206968.35396725,0.8066243251394595
7.0,Drama/Action,53509327.165173285,249375512.79737106,0.7690973921293199
5.0,Parody/Black-and-white,455069.084516129,135438526.3229031,0.4599682739892228
7.0,Parody/Black-and-white,694282334.5181174,121607070.7663069,0.4224413409790833
5.0,Period piece/World cinema,944764841.5251367,171698154.39062378,0.558346396805155
7.0,Period piece/World cinema,190674340.75150603,157866698.8340276,0.5208194637950155
5.0,Psychological thriller/Mystery,26641700.301435646,170068970.2824893,0.553926161882158
7.0,Psychological thriller/Mystery,495270748.09468645,156237514.72589308,0.5163992288720185
5.0,Drama/Action,1526910938.2592924,263206968.35396725,0.8066243251394595
7.0,Drama/Action,503630919.1299942,249375512.79737106,0.7690973921293199
5.0,Science Fiction/Comedy film,89233797.35246913,131653377.88506746,0.4496985658389225
12.0,Science Fiction/Comedy film,119673048.32713753,151940587.42182297,0.5047409834740945
5.0,Indie/Black-and-white,12056947.565543069,134409400.49202046,0.45717609235971096
7.0,Indie/Black-and-white,68468637.41007194,120577944.93542427,0.4196491593495715
7.0,Short Film/Adventure,52931582.284997426,298757211.4903924,0.9030777741069885
5.0,Short Film/Adventure,866093360.8491858,312588667.0469886,0.9406047071171281
5.0,Drama/Action,627439150.525,263206968.35396725,0.8066243251394595
7.0,Drama/Action,895350445.5445544,249375512.79737106,0.7690973921293199
5.0,Action/Crime Thriller,24906694.450929835,170285279.1812127,0.5545130422374955
7.0,Action/Crime Thriller,1365466581.6492105,156453823.6246165,0.5169861092273561
5.0,Comedy film/Comedy,26129910.71428571,192054034.83145228,0.6135751294963488
12.0,Comedy film/Comedy,192619396.96461362,212341244.36820775,0.6686175471315207
5.0,Indie/Black-and-white,29820586.17305433,134409400.49202046,0.45717609235971096
7.0,Indie/Black-and-white,235931534.30149457,120577944.93542427,0.4196491593495715
5.0,Romantic drama/Drama,63222770.200778805,158440217.63896576,0.5223755112901546
7.0,Romantic drama/Drama,5206039.632323512,144608762.08236957,0.48484857828001515
5.0,Science Fiction/Comedy film,422986449.33409095,131653377.88506746,0.4496985658389225
7.0,Science Fiction/Comedy film,18016591.372823328,117821922.32847127,0.41217163282878305
5.0,Drama/Action,263730374.84689978,263206968.35396725,0.8066243251394595
7.0,Drama/Action,70051719.52312395,249375512.79737106,0.7690973921293199
5.0,Romantic drama/Drama,20829537.366548043,158440217.63896576,0.5223755112901546
7.0,Romantic drama/Drama,130702705.1333063,144608762.08236957,0.48484857828001515
5.0,Short Film/Adventure,32983451.71005823,312588667.0469886,0.9406047071171281
7.0,Short Film/Adventure,80933021.99181904,298757211.4903924,0.9030777741069885
5.0,Indie/Black-and-white,15735718.51304923,134409400.49202046,0.45717609235971096
12.0,Indie/Black-and-white,40127816.12022648,154696610.02877593,0.5122185099948828
5.0,Action/Crime Thriller,1902993.4447204908,170285279.1812127,0.5545130422374955
7.0,Action/Crime Thriller,22927607.174189445,156453823.6246165,0.5169861092273561
5.0,Drama/Action,92474628.25278811,263206968.35396725,0.8066243251394595
7.0,Drama/Action,349958365.6791971,249375512.79737106,0.7690973921293199
5.0,Indie/Black-and-white,285193373.4154633,134409400.49202046,0.45717609235971096
7.0,Indie/Black-and-white,853225.6936769523,120577944.93542427,0.4196491593495715
5.0,Action/Crime Thriller,3477925.9559523803,170285279.1812127,0.5545130422374955
7.0,Action/Crime Thriller,35693290.12263586,156453823.6246165,0.5169861092273561
5.0,Science Fiction/Comedy film,52572754.49101796,131653377.88506746,0.4496985658389225
7.0,Science Fiction/Comedy film,27322562.240663894,117821922.32847127,0.41217163282878305
5.0,History/Indie,75726.59734684459,75375272.47006123,0.2970071384468629
7.0,History/Indie,4711404.655086805,61543816.91346504,0.2594802054367234
5.0,Indie/Black-and-white,7417204.077466214,134409400.49202046,0.45717609235971096
12.0,Indie/Black-and-white,210671744.02250338,154696610.02877593,0.5122185099948828
5.0,Drama/Action,1069251093.7498084,263206968.35396725,0.8066243251394595
7.0,Drama/Action,609404560.4624224,249375512.79737106,0.7690973921293199
5.0,History/Indie,864863.5109296298,75375272.47006123,0.2970071384468629
7.0,History/Indie,436767560.13112235,61543816.91346504,0.2594802054367234
5.0,Indie/Black-and-white,39166806.36080315,134409400.49202046,0.45717609235971096
7.0,Indie/Black-and-white,2205958.1139107607,120577944.93542427,0.4196491593495715
5.0,Indie/Black-and-white,31567599.882312924,134409400.49202046,0.45717609235971096
12.0,Indie/Black-and-white,38629641.32755576,154696610.02877593,0.5122185099948828
5.0,Drama/Action,141676346.20680472,263206968.35396725,0.8066243251394595
7.0,Drama/Action,1546977541.0756943,249375512.79737106,0.7690973921293199
5.0,Drama/Action,703028104.0894357,263206968.35396725,0.8066243251394595
7.0,Drama/Action,137632042.41245598,249375512.79737106,0.7690973921293199
5.0,Drama/Action,194146224.7928571,263206968.35396725,0.8066243251394595
7.0,Drama/Action,358471323.1905882,249375512.79737106,0.7690973921293199
5.0,Comedy film/Comedy,82172609.9188132,192054034.83145228,0.6135751294963488
7.0,Comedy film/Comedy,285889270.9466726,178222579.2748561,0.5760481964862094
5.0,Period piece/World cinema,35286743.030283295,171698154.39062378,0.558346396805155
7.0,Period piece/World cinema,57951485.14851484,157866698.8340276,0.5208194637950155
5.0,Parody/Black-and-white,50873834.88057491,135438526.3229031,0.4599682739892228
7.0,Parody/Black-and-white,71319048.77004032,121607070.7663069,0.4224413409790833
7.0,Indie/Black-and-white,48775833.33333333,120577944.93542427,0.4196491593495715
5.0,Indie/Black-and-white,44843075.280807205,134409400.49202046,0.45717609235971096
5.0,Romantic drama/Drama,19365735.839068286,158440217.63896576,0.5223755112901546
7.0,Romantic drama/Drama,27528581.960569944,144608762.08236957,0.48484857828001515
5.0,Short Film/Adventure,594526023.7576946,312588667.0469886,0.9406047071171281
7.0,Short Film/Adventure,92819682.8358209,298757211.4903924,0.9030777741069885
5.0,Indie/Black-and-white,27370611.51079136,134409400.49202046,0.45717609235971096
12.0,Indie/Black-and-white,445772357.2991071,154696610.02877593,0.5122185099948828
5.0,Romantic drama/Drama,212373267.1096442,158440217.63896576,0.5223755112901546
7.0,Romantic drama/Drama,90107934.68041451,144608762.08236957,0.48484857828001515
5.0,Indie/Black-and-white,203894472.01948196,134409400.49202046,0.45717609235971096
12.0,Indie/Black-and-white,52492365.40584965,154696610.02877593,0.5122185099948828
5.0,Period piece/World cinema,617345.0802891809,171698154.39062378,0.558346396805155
7.0,Period piece/World cinema,1132336579.1211936,157866698.8340276,0.5208194637950155
5.0,Action/Crime Thriller,5621811.153601019,170285279.1812127,0.5545130422374955
7.0,Action/Crime Thriller,106482541.57981367,156453823.6246165,0.5169861092273561
5.0,Indie/Black-and-white,14830489.864864863,134409400.49202046,0.45717609235971096
7.0,Indie/Black-and-white,88348679.24528302,120577944.93542427,0.4196491593495715
5.0,Parody/Black-and-white,902487.0955390334,135438526.3229031,0.4599682739892228
7.0,Parody/Black-and-white,14478065.886024846,121607070.7663069,0.4224413409790833
5.0,Science Fiction/Comedy film,1495197.4658968984,131653377.88506746,0.4496985658389225
12.0,Science Fiction/Comedy film,466059233.7693322,151940587.42182297,0.5047409834740945
5.0,Drama/Action,506571418.9517658,263206968.35396725,0.8066243251394595
7.0,Drama/Action,315379307.51897824,249375512.79737106,0.7690973921293199
5.0,Short Film/Adventure,337214149.2776349,312588667.0469886,0.9406047071171281
7.0,Short Film/Adventure,101306424.35186213,298757211.4903924,0.9030777741069885
5.0,Indie/Black-and-white,24473447.724651568,134409400.49202046,0.45717609235971096
12.0,Indie/Black-and-white,70513844.21432038,154696610.02877593,0.5122185099948828
5.0,Indie/Black-and-white,96788297.67657991,134409400.49202046,0.45717609235971096
12.0,Indie/Black-and-white,19802207.502815392,154696610.02877593,0.5122185099948828
5.0,Indie/Black-and-white,5166887.216363023,134409400.49202046,0.45717609235971096
12.0,Indie/Black-and-white,230361701.1983471,154696610.02877593,0.5122185099948828
5.0,Period piece/World cinema,49104577.49254657,171698154.39062378,0.558346396805155
7.0,Period piece/World cinema,1337657908.4074223,157866698.8340276,0.5208194637950155
5.0,Drama/Action,10860846.968705986,263206968.35396725,0.8066243251394595
7.0,Drama/Action,35215746.8879668,249375512.79737106,0.7690973921293199
5.0,History/Indie,423963.1510258413,75375272.47006123,0.2970071384468629
7.0,History/Indie,41349259.034491315,61543816.91346504,0.2594802054367234
5.0,Drama/Action,303269430.0518134,263206968.35396725,0.8066243251394595
7.0,Drama/Action,29433602.45042765,249375512.79737106,0.7690973921293199
5.0,Period piece/World cinema,9778412.515040651,171698154.39062378,0.558346396805155
7.0,Period piece/World cinema,24776700.59727369,157866698.8340276,0.5208194637950155
5.0,Science Fiction/Comedy film,36552929.69636572,131653377.88506746,0.4496985658389225
12.0,Science Fiction/Comedy film,960215.0256339766,151940587.42182297,0.5047409834740945
5.0,Drama/Action,525862247.50753945,263206968.35396725,0.8066243251394595
7.0,Drama/Action,289929106.63469386,249375512.79737106,0.7690973921293199
5.0,Parody/Black-and-white,42886875.069102295,135438526.3229031,0.4599682739892228
7.0,Parody/Black-and-white,272698322.65636456,121607070.7663069,0.4224413409790833
5.0,Drama/Action,577543627.2909721,263206968.35396725,0.8066243251394595
7.0,Drama/Action,29639329.379562043,249375512.79737106,0.7690973921293199
5.0,Indie/Black-and-white,440040.37790684117,134409400.49202046,0.45717609235971096
7.0,Indie/Black-and-white,145925652.4581101,120577944.93542427,0.4196491593495715
5.0,Drama/Action,915116.2433370823,263206968.35396725,0.8066243251394595
7.0,Drama/Action,20155303.030303027,249375512.79737106,0.7690973921293199
5.0,Psychological thriller/Mystery,235541705.88235292,170068970.2824893,0.553926161882158
7.0,Psychological thriller/Mystery,284734708.74693877,156237514.72589308,0.5163992288720185
5.0,Indie/Black-and-white,75304780.59459952,134409400.49202046,0.45717609235971096
7.0,Indie/Black-and-white,128727972.50859104,120577944.93542427,0.4196491593495715
5.0,Period piece/World cinema,146277016.11478528,171698154.39062378,0.558346396805155
7.0,Period piece/World cinema,245032187.04019025,157866698.8340276,0.5208194637950155
5.0,Drama/Action,195944391.2861111,263206968.35396725,0.8066243251394595
7.0,Drama/Action,7817987.828043647,249375512.79737106,0.7690973921293199
5.0,Drama/Action,50518954.153687574,263206968.35396725,0.8066243251394595
7.0,Drama/Action,138240602.1713585,249375512.79737106,0.7690973921293199
5.0,Drama/Action,77524503.31125829,263206968.35396725,0.8066243251394595
7.0,Drama/Action,140679027.1521739,249375512.79737106,0.7690973921293199
5.0,Indie/Black-and-white,26203481.884384956,134409400.49202046,0.45717609235971096
7.0,Indie/Black-and-white,283583220.99560225,120577944.93542427,0.4196491593495715
5.0,Drama/Action,234846604.9382716,263206968.35396725,0.8066243251394595
7.0,Drama/Action,507380467.0216535,249375512.79737106,0.7690973921293199
5.0,Drama/Action,414503921.93308544,263206968.35396725,0.8066243251394595
7.0,Drama/Action,138240602.1713585,249375512.79737106,0.7690973921293199
5.0,Drama/Action,101883438.32241184,263206968.35396725,0.8066243251394595
7.0,Drama/Action,45255927.835051544,249375512.79737106,0.7690973921293199
5.0,Parody/Black-and-white,128141796.78235294,135438526.3229031,0.4599682739892228
7.0,Parody/Black-and-white,39171314.31190476,121607070.7663069,0.4224413409790833
5.0,Romantic drama/Drama,10555785.763006134,158440217.63896576,0.5223755112901546
7.0,Romantic drama/Drama,36318886.261707515,144608762.08236957,0.48484857828001515
5.0,Action/Crime Thriller,10220062.446525848,170285279.1812127,0.5545130422374955
7.0,Action/Crime Thriller,8430142.142518587,156453823.6246165,0.5169861092273561
5.0,Drama/Action,306330826.4279888,263206968.35396725,0.8066243251394595
7.0,Drama/Action,389124066.63303965,249375512.79737106,0.7690973921293199
5.0,Indie/Black-and-white,97467684.13601321,134409400.49202046,0.45717609235971096
7.0,Indie/Black-and-white,3021461.2572273877,120577944.93542427,0.4196491593495715
5.0,Romantic drama/Drama,212539822.8735294,158440217.63896576,0.5223755112901546
7.0,Romantic drama/Drama,99909928.85183531,144608762.08236957,0.48484857828001515
5.0,Drama/Action,1257429925.9534004,263206968.35396725,0.8066243251394595
7.0,Drama/Action,201865156.38207942,249375512.79737106,0.7690973921293199
5.0,Indie/Black-and-white,5688989.212675436,134409400.49202046,0.45717609235971096
7.0,Indie/Black-and-white,848650.1939945652,120577944.93542427,0.4196491593495715
5.0,Drama/Action,33050648.71771232,263206968.35396725,0.8066243251394595
7.0,Drama/Action,285124229.76423913,249375512.79737106,0.7690973921293199
5.0,Drama/Action,1180367417.1410596,263206968.35396725,0.8066243251394595
7.0,Drama/Action,512495645.95684046,249375512.79737106,0.7690973921293199
5.0,Period piece/World cinema,131045429.23721452,171698154.39062378,0.558346396805155
7.0,Period piece/World cinema,507697.76180124225,157866698.8340276,0.5208194637950155
5.0,Indie/Black-and-white,20293594.89051095,134409400.49202046,0.45717609235971096
12.0,Indie/Black-and-white,27419046.24910394,154696610.02877593,0.5122185099948828
5.0,Drama/Action,11867109.264808362,263206968.35396725,0.8066243251394595
7.0,Drama/Action,140375674.10030863,249375512.79737106,0.7690973921293199
5.0,Action/Crime Thriller,17954294.478527606,170285279.1812127,0.5545130422374955
7.0,Action/Crime Thriller,593219594.5945945,156453823.6246165,0.5169861092273561
5.0,Romantic drama/Drama,63711404.44599737,158440217.63896576,0.5223755112901546
7.0,Romantic drama/Drama,10475682.746494563,144608762.08236957,0.48484857828001515
5.0,Drama/Action,817041714.0052044,263206968.35396725,0.8066243251394595
7.0,Drama/Action,41608583.340473294,249375512.79737106,0.7690973921293199
5.0,Parody/Black-and-white,84883460.5234141,135438526.3229031,0.4599682739892228
7.0,Parody/Black-and-white,233364977.52732918,121607070.7663069,0.4224413409790833
5.0,Comedy film/Comedy,15674522.297540382,192054034.83145228,0.6135751294963488
12.0,Comedy film/Comedy,389321005.5995509,212341244.36820775,0.6686175471315207
5.0,Period piece/World cinema,32191916.447123017,171698154.39062378,0.558346396805155
7.0,Period piece/World cinema,2806058.7425516746,157866698.8340276,0.5208194637950155
5.0,Action/Crime Thriller,76229828.8531234,170285279.1812127,0.5545130422374955
7.0,Action/Crime Thriller,23911565.86193098,156453823.6246165,0.5169861092273561
5.0,Science Fiction/Comedy film,45679600.60622229,131653377.88506746,0.4496985658389225
12.0,Science Fiction/Comedy film,29910516.07290786,151940587.42182297,0.5047409834740945
5.0,Short Film/Adventure,997641948.6863337,312588667.0469886,0.9406047071171281
7.0,Short Film/Adventure,80028915.79941176,298757211.4903924,0.9030777741069885
5.0,Drama/Action,938262833.4408565,263206968.35396725,0.8066243251394595
7.0,Drama/Action,93766600.15405747,249375512.79737106,0.7690973921293199
5.0,Short Film/Adventure,1010072672.7624325,312588667.0469886,0.9406047071171281
7.0,Short Film/Adventure,43238168.01504672,298757211.4903924,0.9030777741069885
5.0,Science Fiction/Comedy film,73156589.7720572,131653377.88506746,0.4496985658389225
7.0,Science Fiction/Comedy film,81262029.82575758,117821922.32847127,0.41217163282878305
5.0,Indie/Black-and-white,46477766.0137639,134409400.49202046,0.45717609235971096
7.0,Indie/Black-and-white,134296749.5219885,120577944.93542427,0.4196491593495715
5.0,Parody/Black-and-white,11018291.9796319,135438526.3229031,0.4599682739892228
7.0,Parody/Black-and-white,5158216.275123477,121607070.7663069,0.4224413409790833
12.0,Drama/Indie,754213.7428571427,266637405.01776245,0.815931643978826
5.0,Drama/Indie,40599537.57225433,246350195.48100698,0.7608892263436542
5.0,Short Film/Adventure,570419753.8887752,312588667.0469886,0.9406047071171281
7.0,Short Film/Adventure,49571412.568567514,298757211.4903924,0.9030777741069885
5.0,Drama/Action,28660091.209838707,263206968.35396725,0.8066243251394595
7.0,Drama/Action,537462125.589671,249375512.79737106,0.7690973921293199
5.0,Short Film/Adventure,7667424.658103674,312588667.0469886,0.9406047071171281
7.0,Short Film/Adventure,43926062.798971646,298757211.4903924,0.9030777741069885
5.0,Psychological thriller/Mystery,147860634.46717635,170068970.2824893,0.553926161882158
7.0,Psychological thriller/Mystery,8053560.362233689,156237514.72589308,0.5163992288720185
5.0,Short Film/Adventure,674629427.6466936,312588667.0469886,0.9406047071171281
7.0,Short Film/Adventure,129424261.18189962,298757211.4903924,0.9030777741069885
5.0,Romantic drama/Drama,14537891.836734693,158440217.63896576,0.5223755112901546
7.0,Romantic drama/Drama,88529017.20699403,144608762.08236957,0.48484857828001515
5.0,Drama/Action,110710883.79423386,263206968.35396725,0.8066243251394595
7.0,Drama/Action,52601388.88888888,249375512.79737106,0.7690973921293199
5.0,Drama/Action,1660890.1032121724,263206968.35396725,0.8066243251394595
7.0,Drama/Action,18899183.927648697,249375512.79737106,0.7690973921293199
5.0,Drama/Action,671107199.103243,263206968.35396725,0.8066243251394595
7.0,Drama/Action,994146858.9395092,249375512.79737106,0.7690973921293199
5.0,Drama/Action,517108293.49882346,263206968.35396725,0.8066243251394595
7.0,Drama/Action,958822689.1331437,249375512.79737106,0.7690973921293199
5.0,Drama/Action,465176555.564452,263206968.35396725,0.8066243251394595
7.0,Drama/Action,1074692138.2619624,249375512.79737106,0.7690973921293199
5.0,Indie/Black-and-white,4800106.69640377,134409400.49202046,0.45717609235971096
12.0,Indie/Black-and-white,84964354.83870967,154696610.02877593,0.5122185099948828
5.0,Indie/Black-and-white,13556032.066461267,134409400.49202046,0.45717609235971096
7.0,Indie/Black-and-white,97651113.5558202,120577944.93542427,0.4196491593495715
5.0,Indie/Black-and-white,1374984.823643474,134409400.49202046,0.45717609235971096
12.0,Indie/Black-and-white,877780538.2918427,154696610.02877593,0.5122185099948828
5.0,Drama/Action,37042149.41705882,263206968.35396725,0.8066243251394595
7.0,Drama/Action,68514548.49498327,249375512.79737106,0.7690973921293199
5.0,Parody/Black-and-white,37033174.25664613,135438526.3229031,0.4599682739892228
7.0,Parody/Black-and-white,6861478.152069296,121607070.7663069,0.4224413409790833
5.0,Drama/Action,361437361.0469636,263206968.35396725,0.8066243251394595
7.0,Drama/Action,213389712.39622235,249375512.79737106,0.7690973921293199
5.0,Indie/Black-and-white,70650877.89109491,134409400.49202046,0.45717609235971096
7.0,Indie/Black-and-white,6752186.1675827755,120577944.93542427,0.4196491593495715
5.0,Indie/Black-and-white,1164815.9152914728,134409400.49202046,0.45717609235971096
7.0,Indie/Black-and-white,145718460.80850515,120577944.93542427,0.4196491593495715
5.0,Action/Crime Thriller,4431454.740828402,170285279.1812127,0.5545130422374955
7.0,Action/Crime Thriller,12986465.281081915,156453823.6246165,0.5169861092273561
5.0,Action/Crime Thriller,9343519.150892287,170285279.1812127,0.5545130422374955
7.0,Action/Crime Thriller,37202.62764705882,156453823.6246165,0.5169861092273561
5.0,Drama/Action,50287028.024888456,263206968.35396725,0.8066243251394595
7.0,Drama/Action,1524642815.523295,249375512.79737106,0.7690973921293199
5.0,Parody/Black-and-white,50702011.868482485,135438526.3229031,0.4599682739892228
7.0,Parody/Black-and-white,5378203.448275861,121607070.7663069,0.4224413409790833
5.0,Drama/Action,592746875.634404,263206968.35396725,0.8066243251394595
7.0,Drama/Action,598549275.9440994,249375512.79737106,0.7690973921293199
5.0,Drama/Action,772766440.2339787,263206968.35396725,0.8066243251394595
7.0,Drama/Action,6701695.28656658,249375512.79737106,0.7690973921293199
5.0,Romantic drama/Drama,639220529.132653,158440217.63896576,0.5223755112901546
7.0,Romantic drama/Drama,3717255.3334049075,144608762.08236957,0.48484857828001515
5.0,Parody/Black-and-white,13678132.162680563,135438526.3229031,0.4599682739892228
7.0,Parody/Black-and-white,34169551.40680949,121607070.7663069,0.4224413409790833
5.0,Drama/Action,431715957.5207744,263206968.35396725,0.8066243251394595
7.0,Drama/Action,66707332.44322183,249375512.79737106,0.7690973921293199
5.0,Drama/Action,441281.7688167375,263206968.35396725,0.8066243251394595
7.0,Drama/Action,479574820.1679788,249375512.79737106,0.7690973921293199
5.0,Action/Crime Thriller,41353423.91304348,170285279.1812127,0.5545130422374955
7.0,Action/Crime Thriller,19397958.874245632,156453823.6246165,0.5169861092273561
5.0,Comedy film/Comedy,52431717.89582822,192054034.83145228,0.6135751294963488
7.0,Comedy film/Comedy,104441933.08550185,178222579.2748561,0.5760481964862094
5.0,Romantic drama/Drama,3276274.477898917,158440217.63896576,0.5223755112901546
7.0,Romantic drama/Drama,234280455.57732916,144608762.08236957,0.48484857828001515
5.0,Action/Crime Thriller,40117.42345442957,170285279.1812127,0.5545130422374955
7.0,Action/Crime Thriller,284011525.03878266,156453823.6246165,0.5169861092273561
5.0,History/Indie,53129.33541982492,75375272.47006123,0.2970071384468629
7.0,History/Indie,2020679.0185538863,61543816.91346504,0.2594802054367234
5.0,Parody/Black-and-white,123414690.3476324,135438526.3229031,0.4599682739892228
7.0,Parody/Black-and-white,13198816.895883534,121607070.7663069,0.4224413409790833
5.0,Action/Crime Thriller,124329464.00471887,170285279.1812127,0.5545130422374955
7.0,Action/Crime Thriller,13182657.657657659,156453823.6246165,0.5169861092273561
5.0,Drama/Action,1119102821.6526613,263206968.35396725,0.8066243251394595
7.0,Drama/Action,255409908.3303804,249375512.79737106,0.7690973921293199
5.0,Drama/Action,310568083.3970926,263206968.35396725,0.8066243251394595
7.0,Drama/Action,227451120.18313852,249375512.79737106,0.7690973921293199
5.0,Romantic drama/Drama,106270568.32304543,158440217.63896576,0.5223755112901546
7.0,Romantic drama/Drama,21583037.858667735,144608762.08236957,0.48484857828001515
5.0,Romantic drama/Drama,10550479.47826641,158440217.63896576,0.5223755112901546
7.0,Romantic drama/Drama,140453038.3211679,144608762.08236957,0.48484857828001515
5.0,Drama/Action,584557997.9461098,263206968.35396725,0.8066243251394595
7.0,Drama/Action,8932717.186853807,249375512.79737106,0.7690973921293199
5.0,Parody/Black-and-white,100317306.70103092,135438526.3229031,0.4599682739892228
7.0,Parody/Black-and-white,47864984.0850385,121607070.7663069,0.4224413409790833
7.0,Period piece/World cinema,3477976.5321366475,157866698.8340276,0.5208194637950155
5.0,Period piece/World cinema,19576463.775362756,171698154.39062378,0.558346396805155
5.0,Indie/Black-and-white,271038437.5,134409400.49202046,0.45717609235971096
7.0,Indie/Black-and-white,276259788.9750178,120577944.93542427,0.4196491593495715
5.0,Indie/Black-and-white,11516821.54961368,134409400.49202046,0.45717609235971096
7.0,Indie/Black-and-white,54396840.14869888,120577944.93542427,0.4196491593495715
5.0,Short Film/Adventure,37453908.56022944,312588667.0469886,0.9406047071171281
7.0,Short Film/Adventure,42890121.96850806,298757211.4903924,0.9030777741069885
5.0,Indie/Black-and-white,2335872.3936818903,134409400.49202046,0.45717609235971096
7.0,Indie/Black-and-white,81910965.1451909,120577944.93542427,0.4196491593495715
5.0,Romantic drama/Drama,14480088.224907974,158440217.63896576,0.5223755112901546
7.0,Romantic drama/Drama,664101794.714141,144608762.08236957,0.48484857828001515
5.0,Indie/Black-and-white,19175680.24616564,134409400.49202046,0.45717609235971096
7.0,Indie/Black-and-white,92397973.4397944,120577944.93542427,0.4196491593495715
5.0,Science Fiction/Comedy film,27198420.07434944,131653377.88506746,0.4496985658389225
7.0,Science Fiction/Comedy film,30379411.76470588,117821922.32847127,0.41217163282878305
5.0,Drama/Action,77243513.01115242,263206968.35396725,0.8066243251394595
7.0,Drama/Action,348237076.6118343,249375512.79737106,0.7690973921293199
5.0,Romantic drama/Drama,78301655.71446036,158440217.63896576,0.5223755112901546
7.0,Romantic drama/Drama,46579046.353918254,144608762.08236957,0.48484857828001515
5.0,Indie/Black-and-white,156333793.54332522,134409400.49202046,0.45717609235971096
7.0,Indie/Black-and-white,34213027.55638063,120577944.93542427,0.4196491593495715
5.0,Indie/Black-and-white,26177411.817857143,134409400.49202046,0.45717609235971096
7.0,Indie/Black-and-white,2638854.234508076,120577944.93542427,0.4196491593495715
5.0,Psychological thriller/Mystery,26531141.628152173,170068970.2824893,0.553926161882158
7.0,Psychological thriller/Mystery,8973453.210946575,156237514.72589308,0.5163992288720185
5.0,Romantic drama/Drama,88328456.13057064,158440217.63896576,0.5223755112901546
7.0,Romantic drama/Drama,273365310.0414825,144608762.08236957,0.48484857828001515
5.0,Romantic drama/Drama,28128342.553362977,158440217.63896576,0.5223755112901546
7.0,Romantic drama/Drama,543603165.0443877,144608762.08236957,0.48484857828001515
5.0,Short Film/Adventure,487762682.51180553,312588667.0469886,0.9406047071171281
7.0,Short Film/Adventure,1326611668.4101386,298757211.4903924,0.9030777741069885
5.0,Action/Crime Thriller,23252764.776932515,170285279.1812127,0.5545130422374955
7.0,Action/Crime Thriller,794532.7114906831,156453823.6246165,0.5169861092273561
5.0,Action/Crime Thriller,6416141.390962756,170285279.1812127,0.5545130422374955
7.0,Action/Crime Thriller,1374098228.5118077,156453823.6246165,0.5169861092273561
5.0,Drama/Action,42771924.28855978,263206968.35396725,0.8066243251394595
7.0,Drama/Action,1001727173.7800348,249375512.79737106,0.7690973921293199
5.0,Period piece/World cinema,742330636.1319876,171698154.39062378,0.558346396805155
7.0,Period piece/World cinema,11391133.34925663,157866698.8340276,0.5208194637950155
5.0,Drama/Action,24230729.560425844,263206968.35396725,0.8066243251394595
7.0,Drama/Action,127197838.67784542,249375512.79737106,0.7690973921293199
5.0,Comedy film/Comedy,4279230.6805293,192054034.83145228,0.6135751294963488
7.0,Comedy film/Comedy,20924832.5,178222579.2748561,0.5760481964862094
5.0,Romantic drama/Drama,231891127.76390165,158440217.63896576,0.5223755112901546
7.0,Romantic drama/Drama,1081962.664608135,144608762.08236957,0.48484857828001515
5.0,Short Film/Adventure,798216394.1193291,312588667.0469886,0.9406047071171281
7.0,Short Film/Adventure,53669490.42883816,298757211.4903924,0.9030777741069885
5.0,Indie/Black-and-white,3680970.5344086015,134409400.49202046,0.45717609235971096
7.0,Indie/Black-and-white,2358556.066357861,120577944.93542427,0.4196491593495715
5.0,Romantic drama/Drama,125539554.51612902,158440217.63896576,0.5223755112901546
7.0,Romantic drama/Drama,56009063.315607466,144608762.08236957,0.48484857828001515
5.0,Period piece/World cinema,31008197.55975634,171698154.39062378,0.558346396805155
7.0,Period piece/World cinema,6823545.775429448,157866698.8340276,0.5208194637950155
5.0,Comedy film/Comedy,449814185.563181,192054034.83145228,0.6135751294963488
7.0,Comedy film/Comedy,55900393.25842696,178222579.2748561,0.5760481964862094
5.0,Drama/Action,168717590.8239547,263206968.35396725,0.8066243251394595
7.0,Drama/Action,179486381.56013215,249375512.79737106,0.7690973921293199
5.0,Romantic drama/Drama,409549033.6706854,158440217.63896576,0.5223755112901546
7.0,Romantic drama/Drama,28139903.84615384,144608762.08236957,0.48484857828001515
5.0,Romantic drama/Drama,23433229.537366543,158440217.63896576,0.5223755112901546
7.0,Romantic drama/Drama,282695705.62108016,144608762.08236957,0.48484857828001515
5.0,Action/Crime Thriller,55336167.504228614,170285279.1812127,0.5545130422374955
7.0,Action/Crime Thriller,49961.343687733104,156453823.6246165,0.5169861092273561
5.0,Romantic drama/Drama,49063072.96444814,158440217.63896576,0.5223755112901546
7.0,Romantic drama/Drama,44020581.89795918,144608762.08236957,0.48484857828001515
5.0,Psychological thriller/Mystery,103045310.50309777,170068970.2824893,0.553926161882158
7.0,Psychological thriller/Mystery,397690909.02911586,156237514.72589308,0.5163992288720185
5.0,Indie/Black-and-white,10578481.293107852,134409400.49202046,0.45717609235971096
12.0,Indie/Black-and-white,173388275.33842224,154696610.02877593,0.5122185099948828
5.0,Romantic drama/Drama,44060836.11111111,158440217.63896576,0.5223755112901546
7.0,Romantic drama/Drama,74920779.92466262,144608762.08236957,0.48484857828001515
5.0,Parody/Black-and-white,65060725.65358255,135438526.3229031,0.4599682739892228
7.0,Parody/Black-and-white,43087559.194705874,121607070.7663069,0.4224413409790833
5.0,Drama/Action,1336726603.629266,263206968.35396725,0.8066243251394595
7.0,Drama/Action,200334412.79767057,249375512.79737106,0.7690973921293199
5.0,Drama/Action,666834675.4391121,263206968.35396725,0.8066243251394595
7.0,Drama/Action,83910437.92537418,249375512.79737106,0.7690973921293199
5.0,Indie/Black-and-white,56505705.88235293,134409400.49202046,0.45717609235971096
7.0,Indie/Black-and-white,30040745.033112578,120577944.93542427,0.4196491593495715
5.0,Drama/Action,302231952.4457021,263206968.35396725,0.8066243251394595
7.0,Drama/Action,434751020.4411956,249375512.79737106,0.7690973921293199
5.0,Indie/Black-and-white,18805238.662941173,134409400.49202046,0.45717609235971096
12.0,Indie/Black-and-white,64998337.82115384,154696610.02877593,0.5122185099948828
5.0,Indie/Black-and-white,215000469.28377944,134409400.49202046,0.45717609235971096
12.0,Indie/Black-and-white,18704856.107582454,154696610.02877593,0.5122185099948828
5.0,Action/Crime Thriller,7565413.466026625,170285279.1812127,0.5545130422374955
7.0,Action/Crime Thriller,446961519.35487026,156453823.6246165,0.5169861092273561
5.0,Parody/Black-and-white,45672133.03263052,135438526.3229031,0.4599682739892228
7.0,Parody/Black-and-white,23433229.537366543,121607070.7663069,0.4224413409790833
5.0,Psychological thriller/Mystery,123877287.35956967,170068970.2824893,0.553926161882158
7.0,Psychological thriller/Mystery,74150283.56149513,156237514.72589308,0.5163992288720185
5.0,Indie/Black-and-white,9593513.286403509,134409400.49202046,0.45717609235971096
7.0,Indie/Black-and-white,348414726.45454544,120577944.93542427,0.4196491593495715
5.0,Psychological thriller/Mystery,45569206.66644021,170068970.2824893,0.553926161882158
7.0,Psychological thriller/Mystery,72140179.4760204,156237514.72589308,0.5163992288720185
5.0,Science Fiction/Comedy film,72038153.84615384,131653377.88506746,0.4496985658389225
7.0,Science Fiction/Comedy film,13449218.749999998,117821922.32847127,0.41217163282878305
5.0,Drama/Action,235405578.10927802,263206968.35396725,0.8066243251394595
7.0,Drama/Action,81104709.11866042,249375512.79737106,0.7690973921293199
5.0,Science Fiction/Comedy film,34880194.37491197,131653377.88506746,0.4496985658389225
7.0,Science Fiction/Comedy film,31073.37310114339,117821922.32847127,0.41217163282878305
7.0,Drama/Action,59548059.06366397,249375512.79737106,0.7690973921293199
5.0,Drama/Action,837386767.5450572,263206968.35396725,0.8066243251394595
5.0,Science Fiction/Comedy film,42986805.326066464,131653377.88506746,0.4496985658389225
12.0,Science Fiction/Comedy film,57455907.55455865,151940587.42182297,0.5047409834740945
5.0,Parody/Black-and-white,483110514.4208837,135438526.3229031,0.4599682739892228
7.0,Parody/Black-and-white,55496281.44653423,121607070.7663069,0.4224413409790833
5.0,Action/Crime Thriller,9980533.553355334,170285279.1812127,0.5545130422374955
7.0,Action/Crime Thriller,9056693.979192546,156453823.6246165,0.5169861092273561
5.0,Science Fiction/Comedy film,36066637.32394366,131653377.88506746,0.4496985658389225
7.0,Science Fiction/Comedy film,64712491.7491749,117821922.32847127,0.41217163282878305
5.0,Period piece/World cinema,25254.518802875442,171698154.39062378,0.558346396805155
7.0,Period piece/World cinema,61858413.90977546,157866698.8340276,0.5208194637950155
5.0,Romantic drama/Drama,17705106.761565834,158440217.63896576,0.5223755112901546
7.0,Romantic drama/Drama,3941850.2465130533,144608762.08236957,0.48484857828001515
5.0,Action/Crime Thriller,406506.13755182154,170285279.1812127,0.5545130422374955
7.0,Action/Crime Thriller,94912311.53795546,156453823.6246165,0.5169861092273561
5.0,Action/Crime Thriller,11078454.092383683,170285279.1812127,0.5545130422374955
7.0,Action/Crime Thriller,6254748.460315908,156453823.6246165,0.5169861092273561
5.0,Psychological thriller/Mystery,32610283.155102037,170068970.2824893,0.553926161882158
7.0,Psychological thriller/Mystery,15414840.148161005,156237514.72589308,0.5163992288720185
5.0,Action/Crime Thriller,434794.3491709844,170285279.1812127,0.5545130422374955
7.0,Action/Crime Thriller,43504583.90198238,156453823.6246165,0.5169861092273561
7.0,Romantic drama/Drama,87519748.4690988,144608762.08236957,0.48484857828001515
5.0,Romantic drama/Drama,28949652.008039214,158440217.63896576,0.5223755112901546
